{
    "covariance": [
        0.05859021223198212,
        0.001500354629276131,
        -0.0015003546292730555,
        0.001500354629276131,
        0.060090566861254927,
        0.039909433138663235,
        -0.0015003546292730555,
        0.039909433138663235,
        1.0100905668593156
    ],
    "mean": [
        0.5934038954662018,
        0.3154563805990359,
        0.18454361940058558
    ]
}