{
    "covariance": [
        0.0614536015574296,
        0.0035691109669083046,
        -0.017845554834504916,
        0.0035691109669083046,
        0.07929915639193186,
        0.10350421804012855,
        -0.017845554834504916,
        0.10350421804012855,
        0.5324789097983156
    ],
    "mean": [
        1.2647631408176747,
        0.8643737832574846,
        0.678131083711187
    ]
}